date,Actual High,Predicted high LSTM (no sentiments),Predicted high LSTM (with sentiments)
2020-06-23,4228.89990234375,4055.678878893638,4027.8236634268237
2020-06-24,4123.0,3811.4013744346453,4058.6008040610286
2020-06-25,4230.10009765625,4208.568634167855,3971.555611121033
2020-06-26,4230.85009765625,4265.894789791177,4080.846885753489
2020-06-29,4150.0,4250.8073483049075,4025.863761740218
2020-06-30,4126.0498046875,4143.492606730518,3878.855463620115
2020-07-01,4095.0,4051.792918780797,3952.4228878103236
2020-07-02,4095.0,4020.246453969539,3969.3325078374755
2020-07-06,4311.0498046875,3962.6779074608557,3945.3892036137077
2020-07-07,4300.0,4330.38238299575,4144.008963239436
2020-07-08,4285.7998046875,4289.235891382572,4118.376440074068
2020-07-09,4230.0,4090.9686699487224,4107.057739339518
2020-07-10,4199.0,4054.583452540845,4063.266700523274
2020-07-13,4158.0,4029.299245675897,4044.196643285965
2020-07-14,4125.0,4000.8452075959967,4006.4859753810247
2020-07-15,4086.0,3984.6152067752746,3952.634101602162
2020-07-16,4152.0,3974.7561164468198,3964.106631295713
2020-07-17,4147.0,4107.8321235251215,4030.0080038936408
2020-07-20,4181.9501953125,4055.010735842247,4044.798190548918
2020-07-21,4174.35009765625,4076.156819262511,4048.664219715319
2020-07-22,4110.75,4003.463160078847,3998.191731063093
2020-07-23,4110.0,3977.0374906537963,3957.5287677355414
2020-07-24,4070.0,3960.8263793364317,3973.546763646833
2020-07-27,4069.800048828125,3953.881660784617,3939.523252404673
2020-07-28,4198.9501953125,3960.279190082547,3983.4430320493866
2020-07-29,4244.5498046875,4283.715439784453,4117.24614305543
2020-07-30,4239.0,4321.048759303927,4069.4332372644712
2020-07-31,4300.0,4058.775346367176,4071.6253055307893
2020-08-03,4514.5,4044.3447150490574,4069.6947625190987
2020-08-04,4450.89990234375,4269.350045607513,4310.522363704054
2020-08-05,4428.2001953125,4403.050086479864,4318.102664741405
2020-08-06,4435.89990234375,4297.07243318008,4283.564584818563
2020-08-07,4727.2001953125,4274.064085504518,4247.7092093481615
2020-08-10,4855.0,4668.191263159137,4534.984383871995
2020-08-11,4620.0,4579.457784934398,4375.758573211641
2020-08-12,4780.0,4433.251718459197,4284.111334586307
2020-08-13,4850.0,4651.300065517783,4554.470487512863
2020-08-14,4791.5498046875,4703.416273477671,4481.456517306216
2020-08-17,4755.5498046875,4670.894992381374,4514.299975783274
2020-08-18,4750.0,4671.471060361617,4520.539863056829
2020-08-19,4850.0,4638.140942507253,4546.972410348241
2020-08-20,4920.0,4710.935818485758,4617.931362509376
2020-08-21,4795.14990234375,4746.82661326867,4588.330958334906
2020-08-24,4830.0,4652.809130677017,4506.40094153413
2020-08-25,4899.0,4641.191261098411,4552.7566043925835
2020-08-26,5095.0,4793.443291333144,4708.328337273654
2020-08-27,5148.9501953125,4990.635148325939,4893.6569624544545
2020-08-28,5100.0,4936.582052842293,4842.083181456014
2020-08-31,4999.85009765625,4917.688672485647,4805.062403605468
2020-09-01,4982.0,4754.977091302783,4571.743764197862
2020-09-02,5050.0,4884.917727194239,4792.091488338523
2020-09-03,5003.0,4921.391140579964,4798.057055917807
2020-09-04,4960.60009765625,5127.867465828328,4745.435660405723
2020-09-07,4840.14990234375,4866.624648842479,4604.114775542923
2020-09-08,4873.7998046875,4740.504606264995,4509.650755092842
2020-09-09,4839.60009765625,4800.633506371394,4630.539920739436
2020-09-10,4935.0,4740.501644014986,4617.47697974073
2020-09-11,4987.9501953125,4911.517297885735,4752.978435598353
2020-09-14,5464.75,4900.0923210083865,4705.947192751475
2020-09-15,5683.0,5334.15882590563,5116.516200433282
2020-09-16,5650.0,5832.206994426816,5512.268933150903
2020-09-17,5532.0,5349.230492630791,5192.126594300815
2020-09-18,5467.2001953125,5326.644789087875,5198.471243256233
2020-09-21,5344.89990234375,5206.8219239652735,5090.071247401555
2020-09-22,5164.5498046875,4906.2515152080305,4901.260045666496
2020-09-23,5099.0,4946.485313959373,4851.795892681251
2020-09-24,4916.60009765625,4896.155274389925,4811.273569028959
2020-09-25,4949.10009765625,4845.21079669448,4642.389769523384
2020-09-28,5078.4501953125,4832.723940946044,4758.605275087744
2020-09-29,5220.0,5015.499767272495,4977.239578825518
2020-09-30,5078.89990234375,5077.130390112945,4895.767101451601
2020-10-01,5359.39990234375,4950.964178481068,4805.027587739889
2020-10-05,5444.0,5219.654122833661,5017.155465247542
2020-10-06,5388.35009765625,5295.72723504434,5042.143741361643
2020-10-07,5375.0,5260.21360727845,5103.421207523232
2020-10-08,5476.7001953125,5270.468690913572,5138.74509418392
2020-10-09,5410.0,5269.384993087928,5169.404846818298
2020-10-12,5408.0,5280.931766730287,5201.734750914282
2020-10-13,5316.0,5226.862894655328,5131.491292904619
2020-10-14,5170.0,5078.203570486158,4981.249866474372
2020-10-15,5208.0,5058.3235602191735,5003.275540772257
2020-10-16,5130.14990234375,5003.970567414216,4957.799691909386
2020-10-19,5170.0,5017.718557096347,4966.839191445424
2020-10-20,5121.2998046875,4984.836440046858,4945.963063791236
2020-10-21,5154.85009765625,5007.182858992447,4962.486508571789
2020-10-22,5125.0,4999.823495485789,4954.434163209577
2020-10-23,5214.0,5002.967224691572,4958.486329745092
2020-10-26,5099.64990234375,5046.2187877004935,4929.507551506778
2020-10-27,5237.39990234375,4971.454792413489,4927.175960431171
2020-10-28,5350.0,5085.632303790156,4976.692090394686
2020-10-29,5235.0,5090.985327635799,4971.166220670808
2020-10-30,5270.9501953125,5108.025601736004,4987.524059579139
2020-11-02,5255.0,5136.174204827187,4995.739863722944
2020-11-03,5275.0,5177.045188982573,5085.9363489612215
2020-11-04,5250.0,5184.985567116389,5092.592419489485
2020-11-05,5300.0,5138.332201761455,5089.609011660244
2020-11-06,5335.9501953125,5308.2675387944255,5151.752813947135
2020-11-09,5358.0,5410.477960787698,5175.463223871286
2020-11-10,5350.0,5237.044945390521,5142.8188046778205
2020-11-11,5412.0,5252.8673282353075,5184.583659776889
2020-11-12,5735.39990234375,5303.96669147421,5251.331135707721
2020-11-13,6039.0,5667.227117656062,5533.247317492001
2020-11-14,6163.9501953125,5954.034943550279,5854.253001087019
2020-11-17,6190.0,6120.42376822665,5858.2370184386555
2020-11-18,5950.0,6042.934174567976,5718.845809745332
2020-11-19,5910.0,5915.12674095336,5657.822395774344
2020-11-20,6124.9501953125,5772.852271624685,5698.997553407739
2020-11-23,6446.39990234375,6006.9128914488865,5882.091919957123
2020-11-24,6480.0,5996.967503710273,6038.364220141653
2020-11-25,6440.5,6467.023081105998,6064.241632087296
2020-11-26,6470.0,6366.785862876204,6173.819982096724
2020-11-27,6975.0,6385.844200105299,6072.226590958653
2020-12-01,7040.0,7006.983001000155,6696.586669502231
2020-12-02,6850.0,6730.835837935294,6322.768918760385
2020-12-03,6841.14990234375,6721.125985446544,6414.75087248437
2020-12-04,6925.14990234375,6778.08193653757,6401.043057272395
2020-12-07,6857.89990234375,6750.96085709944,6631.602661380044
2020-12-08,6800.0,6694.068036167177,6443.452632317207
2020-12-09,6789.0,7566.812738209169,6412.994543786516
2020-12-10,6756.2998046875,6666.055571902539,6575.602869639416
2020-12-11,6751.0,6588.120889333508,6386.318195322886
2020-12-14,6753.7998046875,6565.52826912217,6439.350191613085
2020-12-15,6710.0,6587.405086911086,6497.687892522859
2020-12-16,6845.0,6551.443662493638,6461.946276792474
2020-12-17,6888.0,6790.0163328819335,6635.247579196071
2020-12-18,7030.0,6857.478596143502,6696.368237852162
2020-12-21,6898.0,6810.4304197220445,6664.932384958523
2020-12-22,6776.14990234375,6687.404413735404,6332.238850279504
2020-12-23,7222.0,6767.265282176967,6476.303056034625
2020-12-24,7356.35009765625,6863.288246296294,7024.917309671957
2020-12-28,7244.85009765625,6847.021542720616,7032.679627025139
2020-12-29,7025.75,8132.8554260355495,7094.248612918592
2020-12-30,7000.0,7106.112942397009,6640.855634093423
2020-12-31,6921.0,6816.998356070838,6618.793116989064
2021-01-01,7000.0,6750.443994436737,6577.275797695939
2021-01-04,7050.0,5897.349008160334,6637.040976551753
2021-01-05,7010.60009765625,5626.085350473811,6627.571640696235
2021-01-06,7141.5,5573.565613725124,6682.244659667082
2021-01-07,6985.0,5951.536951098292,6533.113605466357
2021-01-08,7190.0,5258.079880650364,6579.688483459244
2021-01-11,7036.89990234375,5257.01892516352,6960.803666204779
2021-01-12,6964.0,6239.181875570486,7027.884976959534
2021-01-13,6880.0,6931.7099418024145,6967.006726581415
2021-01-14,6856.60009765625,5859.40302387902,6865.33746489009
2021-01-15,6833.9501953125,5658.464602559089,6855.268816549268
2021-01-18,6999.0,5457.31395782468,6640.7235073739985
2021-01-19,6850.0,4882.321004667257,6565.173599415359
2021-01-20,6994.60009765625,6355.30667728319,6854.483177107491
2021-01-21,7222.0,5558.802030428359,6599.156104359299
2021-01-22,7190.39990234375,5865.494386651053,7027.165685673225
2021-01-25,7190.0,4986.342280308741,6875.6432586235
2021-01-27,7473.2001953125,5947.489279967022,6752.313264702969
2021-01-28,7300.0,5117.210662838513,6963.7230975238235
2021-01-29,7147.0,8148.541950740878,7250.425231935862
2021-02-01,7175.0,9751.173168383897,7304.095978766525
2021-02-02,7209.7001953125,5003.260861944674,7228.351642652381
2021-02-03,7203.5498046875,5949.364130808003,7064.404854052917
2021-02-04,7350.0,5864.1154515040525,6914.687961218684
2021-02-05,7194.7001953125,5837.011376017822,6926.332048294702
2021-02-08,7265.0,6059.533787066744,6985.909675378651
2021-02-09,7430.0,6031.93036283195,6867.242143485189
2021-02-10,7450.0,5397.245530650429,7005.865395649926
2021-02-11,7499.9501953125,6288.425506368278,6915.310068476844
2021-02-12,7460.0,6104.746013789984,7003.194243504256
2021-02-15,7494.0,5952.587233170395,6989.570451320123
2021-02-16,7455.0,6289.655673514202,7057.328629778023
2021-02-17,7495.0,5988.8738981223,7036.3581082802375
2021-02-18,7299.0,5971.978644886373,7001.569940103518
2021-02-19,7168.14990234375,6932.603149590769,6605.23955274545
2021-02-22,7197.35009765625,5995.655022371738,6949.797868073043
2021-02-23,7077.14990234375,5530.654571175353,6845.73907251786
2021-02-24,7149.0,6291.2075807848705,6809.909684822089
2021-02-25,7001.89990234375,5796.039737049092,6775.957072260998
2021-02-26,6792.4501953125,5063.920381354975,6576.1916389086755
2021-03-01,6830.0,5516.2537433405705,6551.034839065519
2021-03-02,6801.14990234375,5424.247819172636,6680.959944986873
2021-03-03,6840.0,6497.057398556459,6907.865253901008
2021-03-04,6805.14990234375,4828.800465399259,6555.12979452402
2021-03-05,6763.39990234375,5091.738217581882,6719.405611239416
2021-03-08,6777.39990234375,5427.419933866303,6458.24107973412
2021-03-09,6780.0,5420.372668309908,6377.900739791138
2021-03-10,6713.89990234375,5393.171602606841,6388.9830228547435
2021-03-12,6650.9501953125,5458.625772880234,6284.70937306132
2021-03-15,6799.9501953125,5484.234341919467,6297.168725843579
2021-03-16,6551.25,5527.332187854742,6532.609666631633
2021-03-17,6555.0,5498.574280100863,6444.064968218841
2021-03-18,6599.0,5284.578175911089,6218.3524196879425
2021-03-19,6507.9501953125,5181.26634909264,6141.921935518312
2021-03-22,6500.0,5294.503556562403,6226.528209516639
2021-03-23,6413.64990234375,5413.755225815134,6135.335382056536
2021-03-24,6300.0,5884.635666782902,6095.398339240285
2021-03-25,6146.9501953125,5440.911903761079,5905.834424472293
2021-03-26,6244.4501953125,5103.587506677178,5932.78654241685
2021-03-30,6350.0,5481.963675041987,5979.235880624197
2021-03-31,6381.2998046875,5572.500650215089,6362.003138987652
2021-04-01,6206.64990234375,5074.166620587775,5930.989183055076
2021-04-05,6210.2998046875,6463.088122595695,5986.256034369685
2021-04-06,6248.0,5209.408382152592,6079.801373219761
2021-04-07,6240.89990234375,5532.0008012745,5847.720900647834
2021-04-08,6330.0,5701.606770689913,5925.650083166006
2021-04-09,6474.2001953125,5836.589691782349,6058.531293540963
2021-04-12,6392.0,5790.761661736299,6147.301808275299
2021-04-13,6300.0,6043.748761480652,5910.567027663835
2021-04-15,6505.0,5924.671312319654,5948.502444702754
2021-04-16,6467.9501953125,5491.301972897538,6103.08454961203
2021-04-19,6450.7001953125,5726.2168549062835,5969.271315284062
2021-04-20,6380.0,6898.440918241187,6044.196880229363
2021-04-22,6425.0,5926.789709196194,6052.579133759754
2021-04-23,6380.2001953125,6066.988475401627,6092.397791374693
2021-04-26,6477.0,6064.18068584039,6106.197256592919
2021-04-27,6499.0,6007.351298125765,6004.641931216636
2021-04-28,6500.7001953125,6187.096073804125,6184.59012434992
2021-04-29,6530.0,6669.435023174282,6245.251337290896
2021-04-30,6434.14990234375,6584.04529391578,6157.506330330431
2021-05-03,6420.0,6467.403920843118,6084.934156764659
2021-05-04,6379.9501953125,6326.366275518535,6060.2167596697755
2021-05-05,6375.0,6309.651191927904,6063.964596031891
2021-05-06,6398.0,6337.192566166725,6090.604814349291
2021-05-07,6040.0,6258.843511897333,6086.009044396511
2021-05-10,5904.9501953125,5467.916889264071,5591.348337735358
2021-05-11,5864.39990234375,5834.050770157313,5641.643074287587
2021-05-12,5849.89990234375,5718.60489091803,5607.101014998503
2021-05-14,5825.0,5704.563293105706,5580.001447349926
2021-05-17,5873.64990234375,5693.084804923619,5568.494787573901
2021-05-18,5899.0,5748.792945588863,5644.046127528878
2021-05-19,5880.0,5822.921533658527,5678.51594166315
2021-05-20,5875.14990234375,5760.72527489555,5634.478789814781
2021-05-21,5898.0,5740.352512332578,5630.385857332212
2021-05-24,6072.10009765625,5772.06220506168,5668.35138549372
2021-05-25,6095.85009765625,5904.9135756008345,5813.035755965935
2021-05-26,6060.5498046875,5856.511221841333,5790.99509936961
2021-05-27,6099.0,5963.297851577262,5757.315190870187
2021-05-28,6066.0,5854.932633562162,5830.142471367811
2021-05-31,6049.89990234375,5923.176445444223,5752.07488801025
2021-06-01,5953.2998046875,5826.222492883001,5703.040308022629
2021-06-02,5890.0,5889.854878243334,5590.432927290664
2021-06-03,5930.0,5491.73454385537,5658.229369308767
2021-06-04,5858.0,5309.864365664232,5670.529621885529
2021-06-07,5880.0,5667.144975723193,5603.342049618454
2021-06-08,5837.89990234375,5630.579418257941,5619.029351877485
2021-06-09,5873.0,5660.430968310259,5619.883056014162
2021-06-10,5858.9501953125,5644.324554210986,5604.6170306215445
2021-06-11,5853.0,5698.0854301560785,5630.388050163242
2021-06-14,5844.0,5712.340862894677,5609.059172008712
2021-06-15,5848.14990234375,5681.5499989981545,5586.986881812546
2021-06-16,5835.75,5678.357348752515,5597.651482419449
2021-06-17,5844.89990234375,5668.4454562414285,5594.701418724263
2021-06-18,5900.0,5623.2057164083535,5564.682484974072
2021-06-21,5888.0,5726.216208306786,5654.913900274953
2021-06-22,5920.0,5761.946215592906,5689.05836403004
2021-06-23,5854.75,5702.181934887988,5615.570763473165
2021-06-24,5812.75,5722.967009784719,5594.340115676556
2021-06-25,5869.0,5670.252296833655,5593.437507014016
2021-06-28,5875.0,5698.628781947856,5654.106747380131
2021-06-29,5824.0498046875,5822.0400928368545,5606.354115512316
2021-06-30,5815.0,5722.515835386695,5577.820413158598
2021-07-01,5675.0,5656.497507069878,5348.650720424514
2021-07-02,5810.0,5588.461011847117,5483.127751127622
2021-07-05,5732.39990234375,5693.089121063709,5552.30885506599
2021-07-06,5703.7998046875,5586.113377183261,5487.065164472024
2021-07-07,5659.4501953125,5573.789672274072,5469.749283797987
2021-07-08,5707.7998046875,5558.76302386176,5474.673972773757
2021-07-09,5690.0,5647.484930014995,5502.357910154539
2021-07-12,5750.0,5532.807251331334,5424.579114449031
2021-07-13,5750.0,5686.529515214173,5556.157436276684
2021-07-14,5756.35009765625,5720.883246461055,5577.513786744585
2021-07-15,5728.5,5645.719813953096,5562.640339491641
2021-07-16,5720.0,5609.376728979723,5515.357643240329
2021-07-19,5699.0,5553.407670698314,5476.333585039934
2021-07-20,5591.9501953125,5499.061305675273,5386.625176143505
2021-07-22,5565.7001953125,5457.680818595841,5382.22189925402
2021-07-23,5535.0,5430.701044850941,5357.046584938139
2021-07-26,5549.5498046875,5422.312581683326,5346.152877209498
2021-07-27,5540.39990234375,5381.206413046875,5308.006612106618
2021-07-28,5492.5,5344.182646456553,5272.024077498175
2021-07-29,5445.9501953125,5335.149535090571,5262.549459594379
2021-07-30,5418.4501953125,5312.985094996284,5256.835698956895
2021-08-02,5460.0,5262.693647543692,5214.44741844957
2021-08-03,5503.0,5406.2722066661145,5298.748659943232
2021-08-04,5599.0,5392.65997646774,5348.499164998536
2021-08-05,5549.9501953125,5498.111591566132,5357.296883362021
2021-08-06,5548.39990234375,5448.691338942125,5379.483456266404
2021-08-09,5530.0,5399.203298181109,5331.128549181479
2021-08-10,5460.0,5381.868322792417,5312.821359740508
2021-08-11,5491.0,5346.452238793043,5250.478380471319
2021-08-12,5445.0,5282.455366174078,5183.363698747598
2021-08-13,5490.0,5367.012136744768,5247.885005836892
2021-08-16,5575.0,5515.511105015807,5327.733173543765
2021-08-17,5481.7998046875,5485.272145409404,5335.087922467469
2021-08-18,5473.4501953125,6077.528496905494,5221.967229652142
2021-08-20,5449.85009765625,5366.082594605852,5280.906501883692
2021-08-23,5454.89990234375,5317.2794101670415,5237.421497873048
2021-08-24,5466.35009765625,5351.360968914716,5281.7167904165035
2021-08-25,5454.35009765625,5337.400917268359,5228.17722172334
2021-08-26,5629.85009765625,5359.210748016873,5233.134321545477
2021-08-27,5579.89990234375,5477.646574173026,5340.907082808173
2021-08-30,5571.5,5465.851038355576,5376.699290353875
2021-08-31,5527.2998046875,5422.166116081839,5346.839046728665
2021-09-01,5453.85009765625,5365.646336096849,5292.054151293034
2021-09-02,5368.5,5296.14221374769,5223.360967232089
2021-09-03,5420.0,5261.737263859976,5190.388856266022
2021-09-06,5380.14990234375,5274.657306300949,5217.01105747113
2021-09-07,5368.60009765625,5262.998434833783,5192.56725478864
2021-09-08,5396.0,5284.468402272584,5215.34290849086
2021-09-09,5380.0,5269.762660069219,5206.3893192524965
2021-09-13,5560.60009765625,5274.824110939856,5203.992340379127
2021-09-14,5579.89990234375,5487.678521279084,5354.155201728672
2021-09-15,5549.0,5480.329546516634,5358.308444527793
2021-09-16,5545.0,5457.427360662156,5391.247045708376
2021-09-17,5519.0,5414.958205709221,5345.280912306695
2021-09-20,5416.0,5322.148646143386,5242.778198813371
2021-09-21,5404.0498046875,5305.897101176369,5233.363104337776
2021-09-22,5399.0,5264.401226270084,5192.368381614998
2021-09-23,5438.0,5298.629746167653,5231.993599002289
2021-09-24,5434.0,5291.285150339876,5222.25818044467
2021-09-27,5460.0,5309.885464961221,5240.220250987109
2021-09-28,5460.0,5302.275625797857,5231.358980986807
2021-09-29,5473.89990234375,5316.5942874735265,5244.535865155333
2021-09-30,5500.0,5400.580268160384,5308.531149662861
2021-10-01,5532.60009765625,5357.530961977542,5272.634869137411
2021-10-04,5785.10009765625,5450.599339381139,5360.2333703498125
2021-10-05,5850.0,5783.3632746228195,5541.912497553905
2021-10-06,5804.7998046875,5665.640881538854,5558.97664145176
2021-10-07,5800.0,5670.285093615062,5561.912070724604
2021-10-08,5829.10009765625,5661.925637180681,5595.345191056404
2021-10-11,5799.0,5693.946630574456,5596.561997027116
2021-10-12,5735.85009765625,5627.979897921146,5549.858514051696
2021-10-13,5796.0,5593.3016613263435,5448.349258949045
2021-10-14,5659.9501953125,5514.786097445758,5450.931927991716
2021-10-18,5720.0,5588.5853755453645,5452.88995669099
2021-10-19,5608.89990234375,5492.038915837875,5419.317673343361
2021-10-20,5548.25,5477.967306115146,5361.447166423282
2021-10-21,5549.0,5422.686221644386,5308.70919775078
2021-10-22,5520.60009765625,5430.775621738793,5353.617216442099
2021-10-25,5445.0,5357.335096973102,5274.299910308672
2021-10-26,5607.0,5313.595121535474,5214.602809385102
2021-10-27,5635.9501953125,5587.898948713609,5398.809266609797
2021-10-28,5541.0,5511.0080322776585,5261.283068742265
2021-10-29,5458.7998046875,5399.503714345214,5180.196604707676
2021-11-01,5529.5,5411.497948196233,5202.383214816637
2021-11-02,5481.7001953125,5481.074263373264,5288.941126613982
2021-11-03,5451.9501953125,5315.439852199187,5196.919520993688
2021-11-04,5490.0,5357.541903516056,5290.156199368192
2021-11-08,5420.0,5463.8806852247635,5272.721302625031
2021-11-09,5450.0,5347.377525803522,5236.463819215801
2021-11-10,5393.64990234375,5341.446458560815,5256.702275669123
2021-11-11,5370.39990234375,5293.358600725711,5173.481827091648
2021-11-12,5211.5,5269.818085261404,4976.950161747273
2021-11-15,5189.0498046875,5107.912773928767,5012.052418184489
2021-11-16,5188.39990234375,5089.928476742575,5005.675374455412
2021-11-17,5135.64990234375,5062.714902678628,4980.113171708659
2021-11-18,5091.4501953125,5036.297894174023,4945.651859997817
2021-11-22,5050.0,4947.817989615456,4844.999168360304
2021-11-23,5036.7998046875,4928.57147989425,4842.997027170777
2021-11-24,5088.0,4909.845632365197,4877.001666359232
2021-11-25,5060.0,4948.924734028218,4870.0314440761495
2021-11-26,5080.0,4939.725286937591,4889.8128316854945
2021-11-29,4993.35009765625,4915.0616623170945,4867.6649245540075
2021-11-30,5342.7998046875,4880.467129053461,4798.14959621656
2021-12-01,5360.0,5358.1431293557725,5185.7615328512475
2021-12-02,5366.85009765625,5398.309259724536,5173.177178237612
2021-12-03,5297.14990234375,5306.274858360934,5110.825634721865
2021-12-06,5248.0,5286.78633015153,5059.469162275723
2021-12-07,5234.5498046875,5228.128921718402,5027.028200949861
2021-12-08,5360.39990234375,5220.203092576967,5053.893715861328
2021-12-09,5479.89990234375,5031.162687050761,5167.313223472104
2021-12-10,5353.9501953125,5158.419647046339,5129.6613391791625
2021-12-13,5295.9501953125,6159.705865096116,5039.643574804477
2021-12-14,5326.0,5294.275132009491,5037.4260289944905
2021-12-15,5320.0,5267.045684376546,5122.664113416677
2021-12-16,5268.4501953125,5248.524722417055,5127.337319080583
2021-12-17,5201.60009765625,5239.024686739857,5048.001845805222
2021-12-20,5141.9501953125,5148.469427506876,4906.157646874932
2021-12-21,5119.9501953125,5083.737216098491,4933.816117820505
2021-12-22,5240.0,5058.464590247617,4934.635204684452
2021-12-23,5241.9501953125,5136.894696127241,5057.223383612895
2021-12-24,5180.0498046875,5291.32495746418,4960.397545754883
2021-12-27,5101.7998046875,5120.520615875785,4896.309306014667
2021-12-28,5087.7001953125,5013.530081783931,4779.721083434416
2021-12-29,5045.60009765625,4948.355837982661,4866.127061130053
2021-12-30,5126.39990234375,4959.356413071583,4882.478067465108
2021-12-31,5450.0,5109.692990635692,4965.706259024857
2022-01-03,5299.0,5321.131227757055,5290.19299201232
2022-01-04,5374.89990234375,5224.128178292157,5090.1338221230035
2022-01-05,5225.0,5356.601790481277,4997.407643102528
2022-01-06,5175.9501953125,5315.386560844299,4995.105214686378
2022-01-07,5154.0,5105.079594434881,4960.36707391655
2022-01-10,5143.0,5032.53260855643,4928.08969217255
2022-01-11,5171.4501953125,5051.538940547715,4965.497829220229
2022-01-12,5207.89990234375,5157.502440197515,5014.645081695123
2022-01-13,5213.60009765625,5167.713893383627,5008.9382354257195
2022-01-14,5201.9501953125,5136.558208860069,5043.308376658193
2022-01-17,5167.75,5152.683532335352,5013.932243066433
2022-01-18,5100.0,5005.757536396681,4891.975900929694
2022-01-19,5091.0498046875,4997.702643239913,4895.155144401042
2022-01-20,5098.2001953125,4993.840226328689,4918.402374077946
2022-01-21,5115.0,5007.875268855696,4934.445659786054
2022-01-24,5081.9501953125,5030.191157282265,4952.256512502858
2022-01-25,5066.25,4998.790882538206,4909.256188788575
2022-01-27,5062.14990234375,4986.238853620501,4896.346097073922
2022-01-28,5153.9501953125,5052.367134093783,4923.56622418742
2022-01-31,5127.10009765625,5088.779886535034,4960.471638820256
2022-02-01,5150.0,4996.541542298965,4916.067681525128
2022-02-02,5163.5498046875,5071.956510772503,4939.872987888056
2022-02-03,5115.0498046875,5078.478912933187,4958.454254629186
2022-02-04,5097.89990234375,5046.156734988217,4934.173478715593
2022-02-07,5101.2001953125,5017.868834499091,4934.693558961152
2022-02-08,5085.39990234375,4999.517516622897,4907.970617762758
2022-02-09,5080.0,4974.341621873964,4889.297148557464
2022-02-10,5000.0498046875,4954.545951756106,4868.492865857808
2022-02-11,4958.25,4889.1445221282775,4810.128350440728
2022-02-15,4879.9501953125,4871.08568313491,4766.751724968163
2022-02-16,4812.9501953125,4849.2934112041585,4593.6451027655185
2022-02-17,4762.0498046875,4731.252908630693,4631.965282719092
2022-02-18,4699.0,4836.7488795927875,4467.045006336378
2022-02-21,4671.35009765625,4611.484991789359,4523.336956485895
2022-02-22,4580.0,4502.453283132816,4462.378131632787
2022-02-23,4663.7001953125,4476.401163195427,4446.991662165466
2022-02-24,4583.2001953125,4622.976821595853,4495.803520721378
2022-02-25,4644.4501953125,4465.328058764302,4374.233652261133
2022-02-28,4627.89990234375,4606.31551157323,4484.946653872513
2022-03-02,4576.2001953125,4498.286843515238,4455.446563286027
2022-03-03,4600.0,4468.00544754926,4417.358300581193
2022-03-04,4543.0498046875,4449.831051834193,4421.423131899948
2022-03-07,4490.0,4417.647279126349,4385.945288298876
2022-03-08,4499.4501953125,4340.658203555577,4270.928816548563
2022-03-09,4539.5498046875,4397.47705139433,4361.691822862592
2022-03-10,4582.39990234375,4506.264233473452,4380.26577942952
2022-03-11,4646.0,4651.783177524361,4441.825741100951
2022-03-14,4447.9501953125,4348.208815314244,4271.6661241965285
2022-03-15,4339.9501953125,4217.218356199292,4138.102085415849
2022-03-16,4389.89990234375,4246.464748226334,4202.168743549087
2022-03-17,4395.0,4245.922541060334,4203.194668332297
2022-03-21,4390.60009765625,4269.487208775963,4243.334538074876
2022-03-22,4365.0,4250.587745739536,4227.453931235545
2022-03-23,4303.2001953125,4207.954118022255,4174.219803812165
2022-03-24,4303.2001953125,4182.106770262185,4151.8317464682
2022-03-25,4299.0,4175.356290751098,4148.801692158178
2022-03-28,4230.0,4143.426508213052,4118.424850856561
2022-03-29,4144.64990234375,4053.363482303009,4030.4192336591923
2022-03-30,4104.0,3960.124630284491,3933.0117924722167
2022-03-31,4074.89990234375,3933.888021240082,3909.556005700108
2022-04-01,4205.0,3925.015627043863,3900.6441454678848
2022-04-04,4485.0,4126.8241175454505,4072.877148040615
2022-04-05,4506.10009765625,4370.838126961764,4247.821445915349
2022-04-06,4510.5,4512.950718681475,4301.177027164825
2022-04-07,4430.2998046875,4314.464413131691,4234.680146547944
2022-04-08,4412.2001953125,4295.490843857616,4196.31698889888
2022-04-11,4476.64990234375,4330.74178165284,4292.212209939827
2022-04-12,4379.0,4321.063803738683,4244.5101359745595
2022-04-13,4343.9501953125,4352.724448628452,4146.138879179991
2022-04-18,4317.9501953125,4212.153511693253,4182.144688142468
2022-04-19,4340.0,4240.509410893352,4153.3008413257985
2022-04-20,4393.89990234375,4178.474717636677,4129.620630928696
2022-04-21,4306.7998046875,4203.620297743926,4175.300180053886
2022-04-22,4289.64990234375,4204.862784178976,4142.057415726684
2022-04-25,4350.0498046875,4171.567810008794,4066.45027982353
2022-04-26,4445.0,4193.854278791639,4156.7167182665635
2022-04-27,4485.7001953125,4521.058128459977,4305.29994880217
2022-04-28,4494.5498046875,4431.595259245867,4308.950896432292
2022-04-29,4549.60009765625,4390.47678114705,4336.627904829657
2022-05-04,4435.0,4353.821673908039,4274.520278465121
2022-05-05,4469.75,4341.3273599933855,4248.528081648653
2022-05-06,4375.75,4427.508793040886,4324.597277421485
2022-05-09,4437.0498046875,4279.3164269314975,4163.738396298449
2022-05-10,4425.0,4313.813837336662,4226.614418451151
2022-05-11,4401.7998046875,4288.495150551151,4203.88505856874
2022-05-12,4326.4501953125,4282.381689799452,4192.961207177836
2022-05-13,4465.0,4312.839629639359,4083.702343012683
2022-05-16,4420.0,4324.267310132116,4241.132982031973
2022-05-17,4615.0,4285.619336280098,4186.27342305815
2022-05-18,4560.0,4358.749362217777,4404.606483271593
2022-05-19,4455.5,4597.9463186416315,4296.119376709801
2022-05-20,4380.25,4317.772296592031,4219.068046478924
2022-05-23,4442.0498046875,4296.097789312531,4237.692747694366
2022-05-24,4391.9501953125,4374.954734050669,4237.687614701681
2022-05-25,4359.39990234375,4350.808138869895,4167.944400257327
2022-05-26,4249.7001953125,4054.4435393915746,4082.903977945356
2022-05-27,4277.14990234375,4154.858080074604,4054.364810558248
2022-05-30,4280.5498046875,4219.293414220807,4121.3115544614575
2022-05-31,4298.0,4155.731744891181,4113.9328734733035
2022-06-01,4350.0,4175.76712576063,4172.949114302358
2022-06-02,4402.2001953125,4393.202712429089,4257.738277413266
2022-06-03,4382.7001953125,4489.687847161219,4254.962849954543
2022-06-06,4374.0498046875,4275.939904888579,4191.142515335933
2022-06-07,4377.0,4341.109724751546,4219.050766408544
2022-06-08,4439.60009765625,4440.808849758858,4233.8880492841545
2022-06-09,4371.4501953125,4524.70943741708,4240.8201089688855
2022-06-10,4368.60009765625,4461.32097653749,4153.476117353552
2022-06-13,4240.60009765625,4292.914572851909,4171.47628855998
2022-06-14,4159.75,4288.31280603192,4000.9815222030984
2022-06-15,4222.2998046875,4149.675221221107,3947.260069210898
2022-06-16,4184.89990234375,4207.99870608117,4041.4767085692183
2022-06-17,4016.0,3878.634202200338,3867.165592887838
2022-06-20,4009.64990234375,4027.512745814612,3833.8622231339978
2022-06-21,4011.14990234375,3941.262065972619,3870.4908228337663
2022-06-22,4011.0,3984.5816517532976,3881.398437030162
2022-06-23,4014.699951171875,3912.2290889007945,3876.574199089034
2022-06-24,4138.60009765625,3989.353084026086,3914.046101471273
2022-06-27,4100.0,3916.2601530525135,3930.4230208521262
2022-06-28,4099.5,4241.830576586566,3985.1523793443553
2022-06-29,4115.0,4017.8085106268845,3943.441929854097
2022-06-30,4384.7001953125,4200.866861997958,3996.326497917153
2022-07-01,4194.25,4513.0928879236635,4151.641234869073
2022-07-04,4255.0,5085.482869261987,4098.750763299228
2022-07-05,4476.5,4406.346369644692,4134.136491192133
2022-07-06,4327.7001953125,4789.045003151168,4269.810868872685
2022-07-07,4384.7998046875,4373.617083549373,4092.07953663736
2022-07-08,4299.35009765625,4177.082063944346,4066.963359601366
2022-07-11,4313.75,4242.543688790486,4018.9410337758945
2022-07-12,4312.89990234375,4280.272147770849,4127.179177536097
2022-07-13,4341.9501953125,4166.354657155392,4109.86738947517
2022-07-14,4340.0,4230.744252298278,4071.3630897560906
2022-07-15,4398.7998046875,4093.697599033811,4046.534713411968
2022-07-18,4258.35009765625,3976.0675838025586,4127.358014897764
2022-07-19,4299.0,4378.095046433823,4015.463980329637
2022-07-20,4478.10009765625,4321.039687609078,4146.398461619477
2022-07-21,4415.60009765625,4843.6044999181695,4295.487841924159
2022-07-22,4434.4501953125,4415.3196240586985,4212.791712362272
2022-07-25,4483.9501953125,4325.866997425595,4255.350491532415
2022-07-26,4339.4501953125,4268.006391257869,4194.665203511579
2022-07-27,4369.85009765625,4009.950140457619,4089.7137649756637
2022-07-28,4410.0,4257.120670123395,4198.352218704593
2022-07-29,4488.0,4429.89496447078,4277.364658056278
2022-08-01,4467.7001953125,4500.840534386607,4306.0462826831135
2022-08-02,4440.0,4294.444275885455,4197.390226912494
2022-08-03,4448.5498046875,4308.220193446731,4244.831222245633
2022-08-04,4489.10009765625,4374.4972445607145,4285.561124540388
2022-08-05,4486.0,4317.759547385026,4276.52239619765
2022-08-08,4442.5,4301.418821526856,4274.54035891164
2022-08-10,4474.89990234375,4307.54774846324,4255.7160879755065
2022-08-11,4445.5498046875,4303.436056867065,4255.68603621667
2022-08-12,4386.85009765625,4258.590299500611,4205.82973636083
2022-08-16,4425.0,4285.445106189617,4263.622750267393
2022-08-17,4410.0,4281.846144618341,4311.337909006777
2022-08-18,4440.0,4290.134223045767,4314.821434157271
2022-08-19,4409.2998046875,4289.097674262584,4287.112443255278
2022-08-22,4379.35009765625,4289.140741431718,4295.777886182288
2022-08-23,4359.7001953125,4262.804019790412,4255.246567287992
2022-08-24,4335.0,4217.5507694027065,4185.973867324811
2022-08-25,4262.35009765625,4175.210135234453,4111.33480679796
2022-08-26,4230.0,4140.741072477581,4100.428180595726
2022-08-29,4213.9501953125,4109.845981391233,4080.933889178097
2022-08-30,4235.0,4097.538098339814,4063.452147798322
2022-09-01,4272.9501953125,4122.381747391613,4094.781957841512
2022-09-02,4254.35009765625,4256.7218908628665,4162.9403373408595
2022-09-05,4280.0,4138.371187693236,4138.664191195184
2022-09-06,4338.35009765625,4205.716463183122,4189.517393625476
2022-09-07,4321.14990234375,4268.262339297273,4268.593909740813
2022-09-08,4319.75,4172.274538200655,4195.879067625969
2022-09-09,4299.75,4159.485975283459,4198.0600375867425
2022-09-12,4294.0,4166.061699446001,4204.045614006011
2022-09-13,4310.0,4124.227319947998,4150.671650191133
2022-09-14,4322.4501953125,4299.910000760865,4214.861089164943
2022-09-15,4359.2998046875,4138.114887082405,4174.521694018741
2022-09-16,4320.7001953125,4272.723660670686,4212.320576054126
2022-09-19,4266.0,4393.905146861983,3997.2498733727043
2022-09-20,4108.0,3995.231802827133,3990.9828592308945
2022-09-21,4110.5,4007.2850811150693,3989.74823943043
2022-09-22,4111.89990234375,3968.053991205054,3998.761060690239
2022-09-23,4111.2998046875,3987.2347863934456,4023.619265571971
2022-09-26,4064.050048828125,3975.5050640902105,4021.7670133729466
2022-09-27,4026.199951171875,3924.7477458958465,3934.695760099636
2022-09-28,3968.699951171875,3868.7807808618254,3867.4910273695655
2022-09-29,4043.0,3899.201642078369,3895.1971238815336
2022-09-30,4147.89990234375,3990.9877754036115,3982.5868751068106
2022-10-03,4170.0,4036.518859360109,4104.088334099555
2022-10-04,4216.5,4105.790214826088,4159.621158090829
2022-10-06,4352.5,4132.332221569255,4111.696239007159
2022-10-07,4310.64990234375,4468.390886663925,4239.225037099657
2022-10-10,4250.0,4190.283384460873,4065.3419327020256
2022-10-11,4251.9501953125,4204.180050623277,4066.9397432521864
2022-10-12,4204.0498046875,4167.993106185109,4065.528304050077
2022-10-13,4198.5498046875,4114.611192931357,4000.873379832115
2022-10-14,4151.35009765625,4102.580990745919,3982.25556994542
2022-10-17,4165.10009765625,4052.0570692777696,3984.9723674821166
2022-10-18,4192.9501953125,4128.287731818093,4035.9807362315046
2022-10-19,4145.64990234375,4005.7745180267284,3964.747789927498
2022-10-20,4095.0,3937.5011156050496,3868.3787437056803
2022-10-21,4123.0,4017.691216725939,3945.06057565923
2022-10-24,4080.25,3908.498752557448,3849.1929920942925
2022-10-25,4026.199951171875,4243.401223965897,3850.5533916974045
2022-10-27,4051.5,3951.6052254541587,3869.6660253430036
2022-10-28,4049.800048828125,3904.9143635544533,3880.4765338267357
2022-10-31,4103.85009765625,3881.2419730546285,3873.932114556306
2022-11-01,4110.0,3933.3229679445217,3894.845649657786
2022-11-02,4270.0,3955.190331810849,3953.079538718641
2022-11-03,4245.64990234375,3976.551576613611,4169.138350840535
2022-11-04,4270.0,4293.607282797062,4029.6343306177996
2022-11-07,4256.9501953125,4337.07219599238,4083.3840963366515
2022-11-09,4230.0,4193.307646831711,4039.820011419226
2022-11-10,4238.9501953125,4105.81506692554,4058.8245731397833
2022-11-11,4246.4501953125,4088.894930204281,4065.488050073955
2022-11-14,4378.64990234375,4103.436912972348,4073.9945746301
2022-11-15,4357.89990234375,4388.200092787233,4209.392541149373
2022-11-16,4339.85009765625,4235.533023004249,4140.01554228458
2022-11-17,4305.60009765625,4163.022946851268,4134.7530003001675
2022-11-18,4249.2001953125,4149.270010465612,4101.286776574632
2022-11-21,4249.10009765625,4097.982969614134,4050.508150215325
2022-11-22,4236.25,4161.770164532997,4090.6333989420273
2022-11-23,4242.7998046875,4076.055922874584,4016.091187678208
2022-11-24,4215.9501953125,4039.069795437424,3976.996431114396
2022-11-25,4136.14990234375,3675.5345615617225,3892.591465040093
2022-11-28,4147.9501953125,3971.499345544456,3900.8635363616077
2022-11-29,4116.39990234375,4047.3240746391452,4006.0559473077856
2022-11-30,4193.4501953125,3961.9535345248237,3927.5610117061897
2022-12-01,4227.2998046875,4117.98075751863,4044.7119674421106
2022-12-02,4201.7001953125,4088.476594814195,4057.0880226535137
2022-12-05,4200.0,4100.30180930761,4040.8990238281035
2022-12-06,4145.60009765625,4019.5349521887288,3968.4686346632143
2022-12-07,4218.7001953125,4007.944069221413,3961.9460395640567
2022-12-08,4192.10009765625,4185.232120746275,4080.4999685228336
2022-12-09,4216.0,4153.100385491502,4039.6242774938314
2022-12-12,4213.9501953125,4604.104169468376,4091.735975240647
2022-12-13,4225.60009765625,4207.212723566423,4006.385901295374
2022-12-14,4220.0,4146.324991818678,4028.040767799643
2022-12-15,4239.60009765625,4239.1869817551615,4105.386401731364
2022-12-16,4196.4501953125,4108.021212121597,4061.423504310513
2022-12-19,4115.0,3997.7785585337447,3963.0666933029192
2022-12-20,4154.60009765625,3954.7202731029556,3921.727847764332
2022-12-21,4195.0,4163.498852830058,4043.606262561971
2022-12-22,4239.9501953125,4138.615066039521,3991.619768522803
2022-12-23,4120.0,4107.28554428826,3961.1294309297227
2022-12-26,4159.9501953125,4014.9661752516245,3918.753159136711
2022-12-27,4131.5498046875,3995.7068891310337,3931.5237755537914
2022-12-28,4174.60009765625,4037.3503063983876,3966.458706773358
2022-12-29,4162.89990234375,4096.3783572401835,4031.274142237679
2022-12-30,4233.9501953125,4031.4191274371688,3986.2886195780275
2023-01-02,4040.0,3924.2191940338344,3880.404544637444
2023-01-03,4084.85009765625,3900.225813459046,3867.6107974147144
2023-01-04,4078.39990234375,3947.3586779020548,3919.6158087806557
2023-01-05,4057.449951171875,3926.1081708517268,3892.0262308589854
2023-01-06,4040.0,3948.8163480595526,3941.2768542227777
2023-01-09,4026.0,3941.824200963462,3935.234852126867
2023-01-10,4050.60009765625,3925.9818735399735,3912.090112748634
2023-01-11,4037.699951171875,4012.979629916087,3939.4470114733977
2023-01-12,4099.0,3950.163560500014,3938.601669685102
2023-01-13,4098.5498046875,4072.477340204945,3987.7397279469014
2023-01-16,4121.0,4050.1264227626,3996.764338133386
2023-01-17,4100.2001953125,4060.8637900510143,4011.9281915926217
2023-01-18,4096.89990234375,4076.2802941751074,3967.981651399898
2023-01-19,4121.64990234375,4057.5088218287997,3977.82663359624
2023-01-20,4100.0,4210.008885215433,3978.985812874034
2023-01-23,4106.7998046875,4086.221082841863,3971.8609119963394
2023-01-24,4082.050048828125,4078.4242456952447,3975.7074807298536
2023-01-25,4063.89990234375,4066.393042832633,3956.3095604761465
2023-01-27,4178.9501953125,4007.0813409848265,3942.7260945786156
2023-01-30,4070.5,3972.9052529308356,3960.4920597583373
2023-01-31,4131.0,4032.57057732805,3865.9533942807
2023-02-01,4113.9501953125,4095.9889241689634,3976.065331623367
2023-02-02,4111.75,4164.319889051684,3993.7135723642514
2023-02-03,4121.60009765625,4037.377166487537,3972.82700182302
2023-02-06,4791.2998046875,4043.589341250235,3989.688848355601
2023-02-07,4826.2001953125,4903.847807053279,4609.2755551786995
2023-02-08,4750.0,4915.932627375237,4527.380376951849
2023-02-09,4690.0,4754.245569369997,4507.666992430099
2023-02-10,4720.0,4711.687774121226,4509.605805410614
2023-02-13,4733.89990234375,4629.080615666393,4512.522638893846
2023-02-14,4764.64990234375,4617.092164083015,4515.0862669679045
2023-02-15,4689.39990234375,4572.467159663477,4441.295644415854
2023-02-16,4692.0,4591.77547842186,4389.874993998896
2023-02-17,4660.64990234375,4597.580916103932,4482.287173860504
2023-02-20,4612.89990234375,4540.7847308393675,4404.807389575101
2023-02-21,4621.25,4522.074047333038,4425.410837021273
2023-02-22,4599.0498046875,4535.0936803592895,4486.938854028127
2023-02-23,4596.2001953125,4513.659002138661,4454.6606813224935
2023-02-24,4698.0,4495.613622255205,4435.4684116933295
2023-02-27,4747.0,4627.739717193813,4540.245166286782
2023-02-28,4792.75,4623.062691123807,4512.301030901699
2023-03-01,4910.9501953125,4594.895818290573,4547.602186989985
2023-03-02,5098.0,4865.490408315974,4757.3065621703745
2023-03-03,5116.0,4966.611953250546,4918.183663229889
2023-03-06,5134.9501953125,4892.851415655372,4830.164861008536
2023-03-08,5153.7998046875,5024.538622691763,4927.141462763924
2023-03-09,5240.0,5012.1643463370665,4912.8707788488755
2023-03-10,5199.0,5104.719095050178,4921.776385374091
2023-03-13,5152.5498046875,5051.563576438929,4940.502450091462
2023-03-14,5102.4501953125,5001.586642430779,4899.626222399581
2023-03-15,4999.9501953125,4911.242083550598,4591.819131905086
2023-03-16,4923.0498046875,4865.657112959759,4649.872928614405
2023-03-17,4910.85009765625,4641.319539386661,4555.945640694676
2023-03-20,4945.0498046875,5062.733350989565,4592.42762707558
2023-03-21,4935.35009765625,5015.123990906382,4770.139843383899
2023-03-22,4945.0,4791.378036378498,4697.180242969561
2023-03-23,4979.85009765625,4879.29352673881,4830.706179698105
2023-03-24,5114.5,4887.00678760437,4795.70941870964
2023-03-27,4949.0,4903.082480826929,4816.192296951521
2023-03-28,4924.75,4822.7514964864,4748.503734519967
2023-03-29,4881.7998046875,4805.370744478666,4745.6446971242085
2023-03-31,4782.9501953125,4598.364044215955,4394.232956561707
2023-04-03,4750.0,4681.367286855215,4552.916102084902
2023-04-05,4843.85009765625,4725.364642359818,4590.205635527002
2023-04-06,4819.75,4829.967695532273,4646.436632927724
2023-04-10,4946.75,4705.322344336928,4582.344848649541
2023-04-11,4955.0,4926.992332693854,4760.370121691863
2023-04-12,4890.0,4861.956729253237,4766.077327930027
2023-04-13,4883.5,4781.4701252540335,4716.134471507789
2023-04-17,4875.0,4800.574719473046,4733.593409502736
2023-04-18,4830.85009765625,4690.715658510362,4580.940606505609
2023-04-19,4814.64990234375,4701.797548576738,4634.2570246478535
2023-04-20,4722.60009765625,4646.9919318728735,4581.803514572156
2023-04-21,4746.14990234375,4595.980743078715,4508.416711354017
2023-04-24,4769.89990234375,4616.534407354702,4563.915816070037
2023-04-25,4791.4501953125,4631.492382154343,4573.311802051595
2023-04-26,4794.75,4751.156401248834,4659.6837902900315
2023-04-27,4711.2001953125,4663.059801079237,4566.9351407979875
2023-04-28,4710.0498046875,4589.1039584830205,4513.134013179527
2023-05-02,4712.35009765625,4595.381276729348,4532.33472036559
2023-05-03,4746.5498046875,4656.079644007847,4532.614382161728
2023-05-04,4736.60009765625,4656.301415185684,4576.847413351826
2023-05-05,4763.14990234375,4628.723547324179,4564.394422236386
2023-05-08,4750.2001953125,4812.920861917571,4628.226324125336
2023-05-09,4729.5,4757.793804872332,4595.940533413291
2023-05-10,4725.0,4615.888706785159,4527.1022003534135
2023-05-11,4741.5,4661.798166506745,4591.525250070455
2023-05-12,4762.64990234375,4663.840394759358,4593.350900768749
2023-05-15,4771.2001953125,4833.802834138845,4610.170052915366
2023-05-16,4850.0,4629.535204977128,4558.8320828514525
2023-05-17,4990.0,4811.192877167776,4694.202145994107
2023-05-19,5054.0,5153.524575570119,4856.091580489125
2023-05-22,5028.5,5162.903388679133,4878.661765068015
2023-05-23,5099.7998046875,5055.461432671361,4845.945314483108
2023-05-24,5111.0,5204.9699223777425,4840.730640537235
2023-05-25,5140.14990234375,5077.660933280202,4898.914360894141
2023-05-26,5193.9501953125,5280.961596068432,4899.485904407074
2023-05-30,5235.0,5324.035330451075,4930.703627099693
2023-05-31,5280.2001953125,5368.3761213363105,5026.330735777037
